{
	"credit": "Made with Blockbench",
	"parent": "block/block",
	"textures": {
		"5": "block/stone_pieces_mossy",
		"bottom": "block/dirt",
		"top": "block/grass_block_top",
		"particle": "block/grass_block_side",
		"side": "block/grass_block_side",
		"overlay": "block/grass_block_side_overlay"
	},
	"elements": [
		{
			"from": [0, 0, 0],
			"to": [16, 16, 16],
			"faces": {
				"north": {"uv": [0, 0, 16, 16], "texture": "#side", "cullface": "north"},
				"east": {"uv": [0, 0, 16, 16], "texture": "#side", "cullface": "east"},
				"south": {"uv": [0, 0, 16, 16], "texture": "#side", "cullface": "south"},
				"west": {"uv": [0, 0, 16, 16], "texture": "#side", "cullface": "west"},
				"up": {"uv": [0, 0, 16, 16], "texture": "#top", "cullface": "up", "tintindex": 0},
				"down": {"uv": [0, 0, 16, 16], "texture": "#bottom", "cullface": "down"}
			}
		},
		{
			"from": [0, 0, 0],
			"to": [16, 16, 16],
			"faces": {
				"north": {"uv": [0, 0, 16, 16], "texture": "#overlay", "cullface": "north", "tintindex": 0},
				"east": {"uv": [0, 0, 16, 16], "texture": "#overlay", "cullface": "east", "tintindex": 0},
				"south": {"uv": [0, 0, 16, 16], "texture": "#overlay", "cullface": "south", "tintindex": 0},
				"west": {"uv": [0, 0, 16, 16], "texture": "#overlay", "cullface": "west", "tintindex": 0}
			}
		},
		{
			"from": [3, 14.8, 2],
			"to": [7, 17.8, 6],
			"rotation": {"angle": -22.5, "axis": "y", "origin": [0, 0, 0]},
			"faces": {
				"north": {"uv": [5.5, 11, 9.5, 14], "texture": "#5", "cullface": "up"},
				"east": {"uv": [11.5, 10, 15.5, 13], "texture": "#5", "cullface": "up"},
				"south": {"uv": [0, 0, 4, 3], "texture": "#5", "cullface": "up"},
				"west": {"uv": [3.75, 7, 7.75, 10], "texture": "#5", "cullface": "up"},
				"up": {"uv": [6, 1.25, 10, 5.25], "texture": "#5", "cullface": "up"},
				"down": {"uv": [0.25, 10.5, 4.25, 14.5], "texture": "#5", "cullface": "up"}
			}
		},
		{
			"from": [2, 14.6, 10],
			"to": [4, 16.6, 13],
			"faces": {
				"north": {"uv": [0, 0, 2, 2], "texture": "#5", "cullface": "up"},
				"east": {"uv": [0, 0, 3, 2], "texture": "#5", "cullface": "up"},
				"south": {"uv": [11.75, 9, 13.75, 11], "texture": "#5", "cullface": "up"},
				"west": {"uv": [2, 6.5, 5, 8.5], "texture": "#5", "cullface": "up"},
				"up": {"uv": [12.25, 2.5, 14.25, 5.5], "texture": "#5", "cullface": "up"},
				"down": {"uv": [2, 5.5, 4, 8.5], "texture": "#5", "cullface": "down"}
			}
		},
		{
			"from": [7, 15.9, 9],
			"to": [9, 16.9, 11],
			"rotation": {"angle": 22.5, "axis": "y", "origin": [0, 0, 0]},
			"faces": {
				"north": {"uv": [0, 0, 2, 1], "texture": "#5", "cullface": "up"},
				"east": {"uv": [0, 0, 2, 1], "texture": "#5", "cullface": "up"},
				"south": {"uv": [0, 0, 2, 1], "texture": "#5", "cullface": "up"},
				"west": {"uv": [0, 0, 2, 1], "texture": "#5", "cullface": "up"},
				"up": {"uv": [2.5, 7, 4.5, 9], "texture": "#5", "cullface": "up"},
				"down": {"uv": [0, 0, 2, 2], "texture": "#5", "cullface": "up"}
			}
		}
	]
}