{
    "variants": {
        "": [
            { "model": "block/lily_pad", "weight": 10 },
            { "model": "block/lily_pad", "y": 90, "weight": 10 },
            { "model": "block/lily_pad", "y": 180, "weight": 10 },
            { "model": "block/lily_pad", "y": 270, "weight": 10 },
            { "model": "block/lily_pad/1", "weight": 10 },
            { "model": "block/lily_pad/1", "y": 90, "weight": 10 },
            { "model": "block/lily_pad/1", "y": 180, "weight": 10 },
            { "model": "block/lily_pad/1", "y": 270, "weight": 10 },
			{ "model": "block/lily_pad/2", "weight": 10 },
            { "model": "block/lily_pad/2", "y": 90, "weight": 10 },
            { "model": "block/lily_pad/2", "y": 180, "weight": 10 },
            { "model": "block/lily_pad/2", "y": 270, "weight": 10 },
			{ "model": "block/lily_pad/3", "weight": 10 },
            { "model": "block/lily_pad/3", "y": 90, "weight": 10 },
            { "model": "block/lily_pad/3", "y": 180, "weight": 10 },
            { "model": "block/lily_pad/3", "y": 270, "weight": 10 },
			{ "model": "block/lily_pad/4", "weight": 10 },
            { "model": "block/lily_pad/4", "y": 90, "weight": 10 },
            { "model": "block/lily_pad/4", "y": 180, "weight": 10 },
            { "model": "block/lily_pad/4", "y": 270, "weight": 10 },
			{ "model": "block/lily_pad/5", "weight": 10 },
            { "model": "block/lily_pad/5", "y": 90, "weight": 10 },
            { "model": "block/lily_pad/5", "y": 180, "weight": 10 },
            { "model": "block/lily_pad/5", "y": 270, "weight": 10 },
			{ "model": "block/lily_pad/6", "weight": 10 },
            { "model": "block/lily_pad/6", "y": 90, "weight": 10 },
            { "model": "block/lily_pad/6", "y": 180, "weight": 10 },
            { "model": "block/lily_pad/6", "y": 270, "weight": 10 },
			{ "model": "block/lily_pad/7", "weight": 10 },
            { "model": "block/lily_pad/7", "y": 90 },
            { "model": "block/lily_pad/7", "y": 180, "weight": 10 },
            { "model": "block/lily_pad/7", "y": 270, "weight": 10 },
			{ "model": "block/lily_pad/8", "weight": 10 },
            { "model": "block/lily_pad/8", "y": 90, "weight": 10 },
            { "model": "block/lily_pad/8", "y": 180, "weight": 10 },
            { "model": "block/lily_pad/8", "y": 270, "weight": 10 },
			{ "model": "block/lily_pad/9", "weight": 10 },
            { "model": "block/lily_pad/9", "y": 90, "weight": 10 },
            { "model": "block/lily_pad/9", "y": 180, "weight": 10 },
            { "model": "block/lily_pad/9", "y": 270, "weight": 10 },
			{ "model": "block/lily_pad/10", "weight": 10 },
            { "model": "block/lily_pad/10", "y": 90, "weight": 10 },
            { "model": "block/lily_pad/10", "y": 180, "weight": 10 },
            { "model": "block/lily_pad/10", "y": 270, "weight": 10 },
			{ "model": "block/lily_pad/11", "weight": 10 },
            { "model": "block/lily_pad/11", "y": 90, "weight": 10 },
            { "model": "block/lily_pad/11", "y": 180, "weight": 10 },
            { "model": "block/lily_pad/11", "y": 270, "weight": 10 },
			{ "model": "block/lily_pad/12", "weight": 10 },
            { "model": "block/lily_pad/12", "y": 90, "weight": 10 },
            { "model": "block/lily_pad/12", "y": 180, "weight": 10 },
            { "model": "block/lily_pad/12", "y": 270, "weight": 10 },
			{ "model": "block/lily_pad/13", "weight": 10 },
            { "model": "block/lily_pad/13", "y": 90 },
            { "model": "block/lily_pad/13", "y": 180, "weight": 10 },
            { "model": "block/lily_pad/13", "y": 270, "weight": 10 },
			{ "model": "block/lily_pad/14", "weight": 10 },
            { "model": "block/lily_pad/14", "y": 90, "weight": 10 },
            { "model": "block/lily_pad/14", "y": 180, "weight": 10 },
            { "model": "block/lily_pad/14", "y": 270, "weight": 10 },
			{ "model": "block/lily_pad/15", "weight": 10 },
            { "model": "block/lily_pad/15", "y": 90, "weight": 10 },
            { "model": "block/lily_pad/15", "y": 180, "weight": 10 },
            { "model": "block/lily_pad/15", "y": 270, "weight": 10 },
			{ "model": "block/lily_pad/16", "weight": 10 },
            { "model": "block/lily_pad/16", "y": 90, "weight": 10 },
            { "model": "block/lily_pad/16", "y": 180, "weight": 10 },
            { "model": "block/lily_pad/16", "y": 270, "weight": 10 },
			{ "model": "block/lily_pad/17", "weight": 10 },
            { "model": "block/lily_pad/17", "y": 90, "weight": 10 },
            { "model": "block/lily_pad/17", "y": 180, "weight": 10 },
            { "model": "block/lily_pad/17", "y": 270, "weight": 10 },
			{ "model": "block/lily_pad/18", "weight": 10 },
            { "model": "block/lily_pad/18", "y": 90, "weight": 10 },
            { "model": "block/lily_pad/18", "y": 180, "weight": 10 },
            { "model": "block/lily_pad/18", "y": 270, "weight": 10 },
			{ "model": "block/lily_pad/19", "weight": 10 },
            { "model": "block/lily_pad/19", "y": 90, "weight": 10 },
            { "model": "block/lily_pad/19", "y": 180, "weight": 10 },
            { "model": "block/lily_pad/19", "y": 270, "weight": 10 },
			{ "model": "block/lily_pad/20", "weight": 10 },
            { "model": "block/lily_pad/20", "y": 90, "weight": 10 },
            { "model": "block/lily_pad/20", "y": 180, "weight": 10 },
            { "model": "block/lily_pad/20", "y": 270, "weight": 10 },
			{ "model": "block/lily_pad/21", "weight": 3 },
            { "model": "block/lily_pad/21", "y": 90, "weight": 3 },
            { "model": "block/lily_pad/21", "y": 180, "weight": 3 },
            { "model": "block/lily_pad/21", "y": 270, "weight": 3 },
			{ "model": "block/lily_pad/22", "weight": 3 },
            { "model": "block/lily_pad/22", "y": 90, "weight": 3 },
            { "model": "block/lily_pad/22", "y": 180, "weight": 3 },
            { "model": "block/lily_pad/22", "y": 270, "weight": 3 },
			{ "model": "block/lily_pad/23", "weight": 3 },
            { "model": "block/lily_pad/23", "y": 90, "weight": 3 },
            { "model": "block/lily_pad/23", "y": 180, "weight": 3 },
            { "model": "block/lily_pad/23", "y": 270, "weight": 3 },
			{ "model": "block/lily_pad/24", "weight": 3 },
            { "model": "block/lily_pad/24", "y": 90, "weight": 3 },
            { "model": "block/lily_pad/24", "y": 180, "weight": 3 },
            { "model": "block/lily_pad/24", "y": 270, "weight": 3 },
			{ "model": "block/lily_pad/25", "weight": 3 },
            { "model": "block/lily_pad/25", "y": 90, "weight": 3 },
            { "model": "block/lily_pad/25", "y": 180, "weight": 3 },
            { "model": "block/lily_pad/25", "y": 270, "weight": 3 },
			{ "model": "block/lily_pad/26", "weight": 3 },
            { "model": "block/lily_pad/26", "y": 90, "weight": 3 },
            { "model": "block/lily_pad/26", "y": 180, "weight": 3 },
            { "model": "block/lily_pad/26", "y": 270, "weight": 3 },
			{ "model": "block/lily_pad/27", "weight": 3 },
            { "model": "block/lily_pad/27", "y": 90, "weight": 3 },
            { "model": "block/lily_pad/27", "y": 180, "weight": 3 },
            { "model": "block/lily_pad/27", "y": 270, "weight": 3 },
			{ "model": "block/lily_pad/28", "weight": 3 },
            { "model": "block/lily_pad/28", "y": 90, "weight": 3 },
            { "model": "block/lily_pad/28", "y": 180, "weight": 3 },
            { "model": "block/lily_pad/28", "y": 270, "weight": 3 },
			{ "model": "block/lily_pad/29", "weight": 3 },
            { "model": "block/lily_pad/29", "y": 90, "weight": 3 },
            { "model": "block/lily_pad/29", "y": 180, "weight": 3 },
            { "model": "block/lily_pad/29", "y": 270, "weight": 3 },
			{ "model": "block/lily_pad/30", "weight": 3 },
            { "model": "block/lily_pad/30", "y": 90, "weight": 3 },
            { "model": "block/lily_pad/30", "y": 180, "weight": 3 },
            { "model": "block/lily_pad/30", "y": 270, "weight": 3 },
			{ "model": "block/lily_pad/31", "weight": 3 },
            { "model": "block/lily_pad/31", "y": 90 },
            { "model": "block/lily_pad/31", "y": 180, "weight": 3 },
            { "model": "block/lily_pad/31", "y": 270, "weight": 3 },
			{ "model": "block/lily_pad/32", "weight": 3 },
            { "model": "block/lily_pad/32", "y": 90, "weight": 3 },
            { "model": "block/lily_pad/32", "y": 180, "weight": 3 },
            { "model": "block/lily_pad/32", "y": 270, "weight": 3 },
			{ "model": "block/lily_pad/33", "weight": 3 },
            { "model": "block/lily_pad/33", "y": 90, "weight": 3 },
            { "model": "block/lily_pad/33", "y": 180, "weight": 3 },
            { "model": "block/lily_pad/33", "y": 270, "weight": 3 },
			{ "model": "block/lily_pad/34", "weight": 3 },
            { "model": "block/lily_pad/34", "y": 90, "weight": 3 },
            { "model": "block/lily_pad/34", "y": 180, "weight": 3 },
            { "model": "block/lily_pad/34", "y": 270, "weight": 3 },
			{ "model": "block/lily_pad/35", "weight": 3 },
            { "model": "block/lily_pad/35", "y": 90, "weight": 3 },
            { "model": "block/lily_pad/35", "y": 180, "weight": 3 },
            { "model": "block/lily_pad/35", "y": 270, "weight": 3 },
			{ "model": "block/lily_pad/36", "weight": 3 },
            { "model": "block/lily_pad/36", "y": 90, "weight": 3 },
            { "model": "block/lily_pad/36", "y": 180, "weight": 3 },
            { "model": "block/lily_pad/36", "y": 270, "weight": 3 },
			{ "model": "block/lily_pad/37", "weight": 10 },
            { "model": "block/lily_pad/37", "y": 90, "weight": 10 },
            { "model": "block/lily_pad/37", "y": 180, "weight": 10 },
            { "model": "block/lily_pad/37", "y": 270, "weight": 10 }
        ]
    }
}
